site-packages/tzdata-2024.1.dist-info/INSTALLER
site-packages/tzdata-2024.1.dist-info/LICENSE
site-packages/tzdata-2024.1.dist-info/LICENSE_APACHE
site-packages/tzdata-2024.1.dist-info/METADATA
site-packages/tzdata-2024.1.dist-info/RECORD
site-packages/tzdata-2024.1.dist-info/REQUESTED
site-packages/tzdata-2024.1.dist-info/WHEEL
site-packages/tzdata-2024.1.dist-info/direct_url.json
site-packages/tzdata-2024.1.dist-info/top_level.txt
site-packages/tzdata/__init__.py
site-packages/tzdata/zoneinfo/Africa/Abidjan
site-packages/tzdata/zoneinfo/Africa/Accra
site-packages/tzdata/zoneinfo/Africa/Addis_Ababa
site-packages/tzdata/zoneinfo/Africa/Algiers
site-packages/tzdata/zoneinfo/Africa/Asmara
site-packages/tzdata/zoneinfo/Africa/Asmera
site-packages/tzdata/zoneinfo/Africa/Bamako
site-packages/tzdata/zoneinfo/Africa/Bangui
site-packages/tzdata/zoneinfo/Africa/Banjul
site-packages/tzdata/zoneinfo/Africa/Bissau
site-packages/tzdata/zoneinfo/Africa/Blantyre
site-packages/tzdata/zoneinfo/Africa/Brazzaville
site-packages/tzdata/zoneinfo/Africa/Bujumbura
site-packages/tzdata/zoneinfo/Africa/Cairo
site-packages/tzdata/zoneinfo/Africa/Casablanca
site-packages/tzdata/zoneinfo/Africa/Ceuta
site-packages/tzdata/zoneinfo/Africa/Conakry
site-packages/tzdata/zoneinfo/Africa/Dakar
site-packages/tzdata/zoneinfo/Africa/Dar_es_Salaam
site-packages/tzdata/zoneinfo/Africa/Djibouti
site-packages/tzdata/zoneinfo/Africa/Douala
site-packages/tzdata/zoneinfo/Africa/El_Aaiun
site-packages/tzdata/zoneinfo/Africa/Freetown
site-packages/tzdata/zoneinfo/Africa/Gaborone
site-packages/tzdata/zoneinfo/Africa/Harare
site-packages/tzdata/zoneinfo/Africa/Johannesburg
site-packages/tzdata/zoneinfo/Africa/Juba
site-packages/tzdata/zoneinfo/Africa/Kampala
site-packages/tzdata/zoneinfo/Africa/Khartoum
site-packages/tzdata/zoneinfo/Africa/Kigali
site-packages/tzdata/zoneinfo/Africa/Kinshasa
site-packages/tzdata/zoneinfo/Africa/Lagos
site-packages/tzdata/zoneinfo/Africa/Libreville
site-packages/tzdata/zoneinfo/Africa/Lome
site-packages/tzdata/zoneinfo/Africa/Luanda
site-packages/tzdata/zoneinfo/Africa/Lubumbashi
site-packages/tzdata/zoneinfo/Africa/Lusaka
site-packages/tzdata/zoneinfo/Africa/Malabo
site-packages/tzdata/zoneinfo/Africa/Maputo
site-packages/tzdata/zoneinfo/Africa/Maseru
site-packages/tzdata/zoneinfo/Africa/Mbabane
site-packages/tzdata/zoneinfo/Africa/Mogadishu
site-packages/tzdata/zoneinfo/Africa/Monrovia
site-packages/tzdata/zoneinfo/Africa/Nairobi
site-packages/tzdata/zoneinfo/Africa/Ndjamena
site-packages/tzdata/zoneinfo/Africa/Niamey
site-packages/tzdata/zoneinfo/Africa/Nouakchott
site-packages/tzdata/zoneinfo/Africa/Ouagadougou
site-packages/tzdata/zoneinfo/Africa/Porto-Novo
site-packages/tzdata/zoneinfo/Africa/Sao_Tome
site-packages/tzdata/zoneinfo/Africa/Timbuktu
site-packages/tzdata/zoneinfo/Africa/Tripoli
site-packages/tzdata/zoneinfo/Africa/Tunis
site-packages/tzdata/zoneinfo/Africa/Windhoek
site-packages/tzdata/zoneinfo/Africa/__init__.py
site-packages/tzdata/zoneinfo/America/Adak
site-packages/tzdata/zoneinfo/America/Anchorage
site-packages/tzdata/zoneinfo/America/Anguilla
site-packages/tzdata/zoneinfo/America/Antigua
site-packages/tzdata/zoneinfo/America/Araguaina
site-packages/tzdata/zoneinfo/America/Argentina/Buenos_Aires
site-packages/tzdata/zoneinfo/America/Argentina/Catamarca
site-packages/tzdata/zoneinfo/America/Argentina/ComodRivadavia
site-packages/tzdata/zoneinfo/America/Argentina/Cordoba
site-packages/tzdata/zoneinfo/America/Argentina/Jujuy
site-packages/tzdata/zoneinfo/America/Argentina/La_Rioja
site-packages/tzdata/zoneinfo/America/Argentina/Mendoza
site-packages/tzdata/zoneinfo/America/Argentina/Rio_Gallegos
site-packages/tzdata/zoneinfo/America/Argentina/Salta
site-packages/tzdata/zoneinfo/America/Argentina/San_Juan
site-packages/tzdata/zoneinfo/America/Argentina/San_Luis
site-packages/tzdata/zoneinfo/America/Argentina/Tucuman
site-packages/tzdata/zoneinfo/America/Argentina/Ushuaia
site-packages/tzdata/zoneinfo/America/Argentina/__init__.py
site-packages/tzdata/zoneinfo/America/Aruba
site-packages/tzdata/zoneinfo/America/Asuncion
site-packages/tzdata/zoneinfo/America/Atikokan
site-packages/tzdata/zoneinfo/America/Atka
site-packages/tzdata/zoneinfo/America/Bahia
site-packages/tzdata/zoneinfo/America/Bahia_Banderas
site-packages/tzdata/zoneinfo/America/Barbados
site-packages/tzdata/zoneinfo/America/Belem
site-packages/tzdata/zoneinfo/America/Belize
site-packages/tzdata/zoneinfo/America/Blanc-Sablon
site-packages/tzdata/zoneinfo/America/Boa_Vista
site-packages/tzdata/zoneinfo/America/Bogota
site-packages/tzdata/zoneinfo/America/Boise
site-packages/tzdata/zoneinfo/America/Buenos_Aires
site-packages/tzdata/zoneinfo/America/Cambridge_Bay
site-packages/tzdata/zoneinfo/America/Campo_Grande
site-packages/tzdata/zoneinfo/America/Cancun
site-packages/tzdata/zoneinfo/America/Caracas
site-packages/tzdata/zoneinfo/America/Catamarca
site-packages/tzdata/zoneinfo/America/Cayenne
site-packages/tzdata/zoneinfo/America/Cayman
site-packages/tzdata/zoneinfo/America/Chicago
site-packages/tzdata/zoneinfo/America/Chihuahua
site-packages/tzdata/zoneinfo/America/Ciudad_Juarez
site-packages/tzdata/zoneinfo/America/Coral_Harbour
site-packages/tzdata/zoneinfo/America/Cordoba
site-packages/tzdata/zoneinfo/America/Costa_Rica
site-packages/tzdata/zoneinfo/America/Creston
site-packages/tzdata/zoneinfo/America/Cuiaba
site-packages/tzdata/zoneinfo/America/Curacao
site-packages/tzdata/zoneinfo/America/Danmarkshavn
site-packages/tzdata/zoneinfo/America/Dawson
site-packages/tzdata/zoneinfo/America/Dawson_Creek
site-packages/tzdata/zoneinfo/America/Denver
site-packages/tzdata/zoneinfo/America/Detroit
site-packages/tzdata/zoneinfo/America/Dominica
site-packages/tzdata/zoneinfo/America/Edmonton
site-packages/tzdata/zoneinfo/America/Eirunepe
site-packages/tzdata/zoneinfo/America/El_Salvador
site-packages/tzdata/zoneinfo/America/Ensenada
site-packages/tzdata/zoneinfo/America/Fort_Nelson
site-packages/tzdata/zoneinfo/America/Fort_Wayne
site-packages/tzdata/zoneinfo/America/Fortaleza
site-packages/tzdata/zoneinfo/America/Glace_Bay
site-packages/tzdata/zoneinfo/America/Godthab
site-packages/tzdata/zoneinfo/America/Goose_Bay
site-packages/tzdata/zoneinfo/America/Grand_Turk
site-packages/tzdata/zoneinfo/America/Grenada
site-packages/tzdata/zoneinfo/America/Guadeloupe
site-packages/tzdata/zoneinfo/America/Guatemala
site-packages/tzdata/zoneinfo/America/Guayaquil
site-packages/tzdata/zoneinfo/America/Guyana
site-packages/tzdata/zoneinfo/America/Halifax
site-packages/tzdata/zoneinfo/America/Havana
site-packages/tzdata/zoneinfo/America/Hermosillo
site-packages/tzdata/zoneinfo/America/Indiana/Indianapolis
site-packages/tzdata/zoneinfo/America/Indiana/Knox
site-packages/tzdata/zoneinfo/America/Indiana/Marengo
site-packages/tzdata/zoneinfo/America/Indiana/Petersburg
site-packages/tzdata/zoneinfo/America/Indiana/Tell_City
site-packages/tzdata/zoneinfo/America/Indiana/Vevay
site-packages/tzdata/zoneinfo/America/Indiana/Vincennes
site-packages/tzdata/zoneinfo/America/Indiana/Winamac
site-packages/tzdata/zoneinfo/America/Indiana/__init__.py
site-packages/tzdata/zoneinfo/America/Indianapolis
site-packages/tzdata/zoneinfo/America/Inuvik
site-packages/tzdata/zoneinfo/America/Iqaluit
site-packages/tzdata/zoneinfo/America/Jamaica
site-packages/tzdata/zoneinfo/America/Jujuy
site-packages/tzdata/zoneinfo/America/Juneau
site-packages/tzdata/zoneinfo/America/Kentucky/Louisville
site-packages/tzdata/zoneinfo/America/Kentucky/Monticello
site-packages/tzdata/zoneinfo/America/Kentucky/__init__.py
site-packages/tzdata/zoneinfo/America/Knox_IN
site-packages/tzdata/zoneinfo/America/Kralendijk
site-packages/tzdata/zoneinfo/America/La_Paz
site-packages/tzdata/zoneinfo/America/Lima
site-packages/tzdata/zoneinfo/America/Los_Angeles
site-packages/tzdata/zoneinfo/America/Louisville
site-packages/tzdata/zoneinfo/America/Lower_Princes
site-packages/tzdata/zoneinfo/America/Maceio
site-packages/tzdata/zoneinfo/America/Managua
site-packages/tzdata/zoneinfo/America/Manaus
site-packages/tzdata/zoneinfo/America/Marigot
site-packages/tzdata/zoneinfo/America/Martinique
site-packages/tzdata/zoneinfo/America/Matamoros
site-packages/tzdata/zoneinfo/America/Mazatlan
site-packages/tzdata/zoneinfo/America/Mendoza
site-packages/tzdata/zoneinfo/America/Menominee
site-packages/tzdata/zoneinfo/America/Merida
site-packages/tzdata/zoneinfo/America/Metlakatla
site-packages/tzdata/zoneinfo/America/Mexico_City
site-packages/tzdata/zoneinfo/America/Miquelon
site-packages/tzdata/zoneinfo/America/Moncton
site-packages/tzdata/zoneinfo/America/Monterrey
site-packages/tzdata/zoneinfo/America/Montevideo
site-packages/tzdata/zoneinfo/America/Montreal
site-packages/tzdata/zoneinfo/America/Montserrat
site-packages/tzdata/zoneinfo/America/Nassau
site-packages/tzdata/zoneinfo/America/New_York
site-packages/tzdata/zoneinfo/America/Nipigon
site-packages/tzdata/zoneinfo/America/Nome
site-packages/tzdata/zoneinfo/America/Noronha
site-packages/tzdata/zoneinfo/America/North_Dakota/Beulah
site-packages/tzdata/zoneinfo/America/North_Dakota/Center
site-packages/tzdata/zoneinfo/America/North_Dakota/New_Salem
site-packages/tzdata/zoneinfo/America/North_Dakota/__init__.py
site-packages/tzdata/zoneinfo/America/Nuuk
site-packages/tzdata/zoneinfo/America/Ojinaga
site-packages/tzdata/zoneinfo/America/Panama
site-packages/tzdata/zoneinfo/America/Pangnirtung
site-packages/tzdata/zoneinfo/America/Paramaribo
site-packages/tzdata/zoneinfo/America/Phoenix
site-packages/tzdata/zoneinfo/America/Port-au-Prince
site-packages/tzdata/zoneinfo/America/Port_of_Spain
site-packages/tzdata/zoneinfo/America/Porto_Acre
site-packages/tzdata/zoneinfo/America/Porto_Velho
site-packages/tzdata/zoneinfo/America/Puerto_Rico
site-packages/tzdata/zoneinfo/America/Punta_Arenas
site-packages/tzdata/zoneinfo/America/Rainy_River
site-packages/tzdata/zoneinfo/America/Rankin_Inlet
site-packages/tzdata/zoneinfo/America/Recife
site-packages/tzdata/zoneinfo/America/Regina
site-packages/tzdata/zoneinfo/America/Resolute
site-packages/tzdata/zoneinfo/America/Rio_Branco
site-packages/tzdata/zoneinfo/America/Rosario
site-packages/tzdata/zoneinfo/America/Santa_Isabel
site-packages/tzdata/zoneinfo/America/Santarem
site-packages/tzdata/zoneinfo/America/Santiago
site-packages/tzdata/zoneinfo/America/Santo_Domingo
site-packages/tzdata/zoneinfo/America/Sao_Paulo
site-packages/tzdata/zoneinfo/America/Scoresbysund
site-packages/tzdata/zoneinfo/America/Shiprock
site-packages/tzdata/zoneinfo/America/Sitka
site-packages/tzdata/zoneinfo/America/St_Barthelemy
site-packages/tzdata/zoneinfo/America/St_Johns
site-packages/tzdata/zoneinfo/America/St_Kitts
site-packages/tzdata/zoneinfo/America/St_Lucia
site-packages/tzdata/zoneinfo/America/St_Thomas
site-packages/tzdata/zoneinfo/America/St_Vincent
site-packages/tzdata/zoneinfo/America/Swift_Current
site-packages/tzdata/zoneinfo/America/Tegucigalpa
site-packages/tzdata/zoneinfo/America/Thule
site-packages/tzdata/zoneinfo/America/Thunder_Bay
site-packages/tzdata/zoneinfo/America/Tijuana
site-packages/tzdata/zoneinfo/America/Toronto
site-packages/tzdata/zoneinfo/America/Tortola
site-packages/tzdata/zoneinfo/America/Vancouver
site-packages/tzdata/zoneinfo/America/Virgin
site-packages/tzdata/zoneinfo/America/Whitehorse
site-packages/tzdata/zoneinfo/America/Winnipeg
site-packages/tzdata/zoneinfo/America/Yakutat
site-packages/tzdata/zoneinfo/America/Yellowknife
site-packages/tzdata/zoneinfo/America/__init__.py
site-packages/tzdata/zoneinfo/Antarctica/Casey
site-packages/tzdata/zoneinfo/Antarctica/Davis
site-packages/tzdata/zoneinfo/Antarctica/DumontDUrville
site-packages/tzdata/zoneinfo/Antarctica/Macquarie
site-packages/tzdata/zoneinfo/Antarctica/Mawson
site-packages/tzdata/zoneinfo/Antarctica/McMurdo
site-packages/tzdata/zoneinfo/Antarctica/Palmer
site-packages/tzdata/zoneinfo/Antarctica/Rothera
site-packages/tzdata/zoneinfo/Antarctica/South_Pole
site-packages/tzdata/zoneinfo/Antarctica/Syowa
site-packages/tzdata/zoneinfo/Antarctica/Troll
site-packages/tzdata/zoneinfo/Antarctica/Vostok
site-packages/tzdata/zoneinfo/Antarctica/__init__.py
site-packages/tzdata/zoneinfo/Arctic/Longyearbyen
site-packages/tzdata/zoneinfo/Arctic/__init__.py
site-packages/tzdata/zoneinfo/Asia/Aden
site-packages/tzdata/zoneinfo/Asia/Almaty
site-packages/tzdata/zoneinfo/Asia/Amman
site-packages/tzdata/zoneinfo/Asia/Anadyr
site-packages/tzdata/zoneinfo/Asia/Aqtau
site-packages/tzdata/zoneinfo/Asia/Aqtobe
site-packages/tzdata/zoneinfo/Asia/Ashgabat
site-packages/tzdata/zoneinfo/Asia/Ashkhabad
site-packages/tzdata/zoneinfo/Asia/Atyrau
site-packages/tzdata/zoneinfo/Asia/Baghdad
site-packages/tzdata/zoneinfo/Asia/Bahrain
site-packages/tzdata/zoneinfo/Asia/Baku
site-packages/tzdata/zoneinfo/Asia/Bangkok
site-packages/tzdata/zoneinfo/Asia/Barnaul
site-packages/tzdata/zoneinfo/Asia/Beirut
site-packages/tzdata/zoneinfo/Asia/Bishkek
site-packages/tzdata/zoneinfo/Asia/Brunei
site-packages/tzdata/zoneinfo/Asia/Calcutta
site-packages/tzdata/zoneinfo/Asia/Chita
site-packages/tzdata/zoneinfo/Asia/Choibalsan
site-packages/tzdata/zoneinfo/Asia/Chongqing
site-packages/tzdata/zoneinfo/Asia/Chungking
site-packages/tzdata/zoneinfo/Asia/Colombo
site-packages/tzdata/zoneinfo/Asia/Dacca
site-packages/tzdata/zoneinfo/Asia/Damascus
site-packages/tzdata/zoneinfo/Asia/Dhaka
site-packages/tzdata/zoneinfo/Asia/Dili
site-packages/tzdata/zoneinfo/Asia/Dubai
site-packages/tzdata/zoneinfo/Asia/Dushanbe
site-packages/tzdata/zoneinfo/Asia/Famagusta
site-packages/tzdata/zoneinfo/Asia/Gaza
site-packages/tzdata/zoneinfo/Asia/Harbin
site-packages/tzdata/zoneinfo/Asia/Hebron
site-packages/tzdata/zoneinfo/Asia/Ho_Chi_Minh
site-packages/tzdata/zoneinfo/Asia/Hong_Kong
site-packages/tzdata/zoneinfo/Asia/Hovd
site-packages/tzdata/zoneinfo/Asia/Irkutsk
site-packages/tzdata/zoneinfo/Asia/Istanbul
site-packages/tzdata/zoneinfo/Asia/Jakarta
site-packages/tzdata/zoneinfo/Asia/Jayapura
site-packages/tzdata/zoneinfo/Asia/Jerusalem
site-packages/tzdata/zoneinfo/Asia/Kabul
site-packages/tzdata/zoneinfo/Asia/Kamchatka
site-packages/tzdata/zoneinfo/Asia/Karachi
site-packages/tzdata/zoneinfo/Asia/Kashgar
site-packages/tzdata/zoneinfo/Asia/Kathmandu
site-packages/tzdata/zoneinfo/Asia/Katmandu
site-packages/tzdata/zoneinfo/Asia/Khandyga
site-packages/tzdata/zoneinfo/Asia/Kolkata
site-packages/tzdata/zoneinfo/Asia/Krasnoyarsk
site-packages/tzdata/zoneinfo/Asia/Kuala_Lumpur
site-packages/tzdata/zoneinfo/Asia/Kuching
site-packages/tzdata/zoneinfo/Asia/Kuwait
site-packages/tzdata/zoneinfo/Asia/Macao
site-packages/tzdata/zoneinfo/Asia/Macau
site-packages/tzdata/zoneinfo/Asia/Magadan
site-packages/tzdata/zoneinfo/Asia/Makassar
site-packages/tzdata/zoneinfo/Asia/Manila
site-packages/tzdata/zoneinfo/Asia/Muscat
site-packages/tzdata/zoneinfo/Asia/Nicosia
site-packages/tzdata/zoneinfo/Asia/Novokuznetsk
site-packages/tzdata/zoneinfo/Asia/Novosibirsk
site-packages/tzdata/zoneinfo/Asia/Omsk
site-packages/tzdata/zoneinfo/Asia/Oral
site-packages/tzdata/zoneinfo/Asia/Phnom_Penh
site-packages/tzdata/zoneinfo/Asia/Pontianak
site-packages/tzdata/zoneinfo/Asia/Pyongyang
site-packages/tzdata/zoneinfo/Asia/Qatar
site-packages/tzdata/zoneinfo/Asia/Qostanay
site-packages/tzdata/zoneinfo/Asia/Qyzylorda
site-packages/tzdata/zoneinfo/Asia/Rangoon
site-packages/tzdata/zoneinfo/Asia/Riyadh
site-packages/tzdata/zoneinfo/Asia/Saigon
site-packages/tzdata/zoneinfo/Asia/Sakhalin
site-packages/tzdata/zoneinfo/Asia/Samarkand
site-packages/tzdata/zoneinfo/Asia/Seoul
site-packages/tzdata/zoneinfo/Asia/Shanghai
site-packages/tzdata/zoneinfo/Asia/Singapore
site-packages/tzdata/zoneinfo/Asia/Srednekolymsk
site-packages/tzdata/zoneinfo/Asia/Taipei
site-packages/tzdata/zoneinfo/Asia/Tashkent
site-packages/tzdata/zoneinfo/Asia/Tbilisi
site-packages/tzdata/zoneinfo/Asia/Tehran
site-packages/tzdata/zoneinfo/Asia/Tel_Aviv
site-packages/tzdata/zoneinfo/Asia/Thimbu
site-packages/tzdata/zoneinfo/Asia/Thimphu
site-packages/tzdata/zoneinfo/Asia/Tokyo
site-packages/tzdata/zoneinfo/Asia/Tomsk
site-packages/tzdata/zoneinfo/Asia/Ujung_Pandang
site-packages/tzdata/zoneinfo/Asia/Ulaanbaatar
site-packages/tzdata/zoneinfo/Asia/Ulan_Bator
site-packages/tzdata/zoneinfo/Asia/Urumqi
site-packages/tzdata/zoneinfo/Asia/Ust-Nera
site-packages/tzdata/zoneinfo/Asia/Vientiane
site-packages/tzdata/zoneinfo/Asia/Vladivostok
site-packages/tzdata/zoneinfo/Asia/Yakutsk
site-packages/tzdata/zoneinfo/Asia/Yangon
site-packages/tzdata/zoneinfo/Asia/Yekaterinburg
site-packages/tzdata/zoneinfo/Asia/Yerevan
site-packages/tzdata/zoneinfo/Asia/__init__.py
site-packages/tzdata/zoneinfo/Atlantic/Azores
site-packages/tzdata/zoneinfo/Atlantic/Bermuda
site-packages/tzdata/zoneinfo/Atlantic/Canary
site-packages/tzdata/zoneinfo/Atlantic/Cape_Verde
site-packages/tzdata/zoneinfo/Atlantic/Faeroe
site-packages/tzdata/zoneinfo/Atlantic/Faroe
site-packages/tzdata/zoneinfo/Atlantic/Jan_Mayen
site-packages/tzdata/zoneinfo/Atlantic/Madeira
site-packages/tzdata/zoneinfo/Atlantic/Reykjavik
site-packages/tzdata/zoneinfo/Atlantic/South_Georgia
site-packages/tzdata/zoneinfo/Atlantic/St_Helena
site-packages/tzdata/zoneinfo/Atlantic/Stanley
site-packages/tzdata/zoneinfo/Atlantic/__init__.py
site-packages/tzdata/zoneinfo/Australia/ACT
site-packages/tzdata/zoneinfo/Australia/Adelaide
site-packages/tzdata/zoneinfo/Australia/Brisbane
site-packages/tzdata/zoneinfo/Australia/Broken_Hill
site-packages/tzdata/zoneinfo/Australia/Canberra
site-packages/tzdata/zoneinfo/Australia/Currie
site-packages/tzdata/zoneinfo/Australia/Darwin
site-packages/tzdata/zoneinfo/Australia/Eucla
site-packages/tzdata/zoneinfo/Australia/Hobart
site-packages/tzdata/zoneinfo/Australia/LHI
site-packages/tzdata/zoneinfo/Australia/Lindeman
site-packages/tzdata/zoneinfo/Australia/Lord_Howe
site-packages/tzdata/zoneinfo/Australia/Melbourne
site-packages/tzdata/zoneinfo/Australia/NSW
site-packages/tzdata/zoneinfo/Australia/North
site-packages/tzdata/zoneinfo/Australia/Perth
site-packages/tzdata/zoneinfo/Australia/Queensland
site-packages/tzdata/zoneinfo/Australia/South
site-packages/tzdata/zoneinfo/Australia/Sydney
site-packages/tzdata/zoneinfo/Australia/Tasmania
site-packages/tzdata/zoneinfo/Australia/Victoria
site-packages/tzdata/zoneinfo/Australia/West
site-packages/tzdata/zoneinfo/Australia/Yancowinna
site-packages/tzdata/zoneinfo/Australia/__init__.py
site-packages/tzdata/zoneinfo/Brazil/Acre
site-packages/tzdata/zoneinfo/Brazil/DeNoronha
site-packages/tzdata/zoneinfo/Brazil/East
site-packages/tzdata/zoneinfo/Brazil/West
site-packages/tzdata/zoneinfo/Brazil/__init__.py
site-packages/tzdata/zoneinfo/CET
site-packages/tzdata/zoneinfo/CST6CDT
site-packages/tzdata/zoneinfo/Canada/Atlantic
site-packages/tzdata/zoneinfo/Canada/Central
site-packages/tzdata/zoneinfo/Canada/Eastern
site-packages/tzdata/zoneinfo/Canada/Mountain
site-packages/tzdata/zoneinfo/Canada/Newfoundland
site-packages/tzdata/zoneinfo/Canada/Pacific
site-packages/tzdata/zoneinfo/Canada/Saskatchewan
site-packages/tzdata/zoneinfo/Canada/Yukon
site-packages/tzdata/zoneinfo/Canada/__init__.py
site-packages/tzdata/zoneinfo/Chile/Continental
site-packages/tzdata/zoneinfo/Chile/EasterIsland
site-packages/tzdata/zoneinfo/Chile/__init__.py
site-packages/tzdata/zoneinfo/Cuba
site-packages/tzdata/zoneinfo/EET
site-packages/tzdata/zoneinfo/EST
site-packages/tzdata/zoneinfo/EST5EDT
site-packages/tzdata/zoneinfo/Egypt
site-packages/tzdata/zoneinfo/Eire
site-packages/tzdata/zoneinfo/Etc/GMT
site-packages/tzdata/zoneinfo/Etc/GMT+0
site-packages/tzdata/zoneinfo/Etc/GMT+1
site-packages/tzdata/zoneinfo/Etc/GMT+10
site-packages/tzdata/zoneinfo/Etc/GMT+11
site-packages/tzdata/zoneinfo/Etc/GMT+12
site-packages/tzdata/zoneinfo/Etc/GMT+2
site-packages/tzdata/zoneinfo/Etc/GMT+3
site-packages/tzdata/zoneinfo/Etc/GMT+4
site-packages/tzdata/zoneinfo/Etc/GMT+5
site-packages/tzdata/zoneinfo/Etc/GMT+6
site-packages/tzdata/zoneinfo/Etc/GMT+7
site-packages/tzdata/zoneinfo/Etc/GMT+8
site-packages/tzdata/zoneinfo/Etc/GMT+9
site-packages/tzdata/zoneinfo/Etc/GMT-0
site-packages/tzdata/zoneinfo/Etc/GMT-1
site-packages/tzdata/zoneinfo/Etc/GMT-10
site-packages/tzdata/zoneinfo/Etc/GMT-11
site-packages/tzdata/zoneinfo/Etc/GMT-12
site-packages/tzdata/zoneinfo/Etc/GMT-13
site-packages/tzdata/zoneinfo/Etc/GMT-14
site-packages/tzdata/zoneinfo/Etc/GMT-2
site-packages/tzdata/zoneinfo/Etc/GMT-3
site-packages/tzdata/zoneinfo/Etc/GMT-4
site-packages/tzdata/zoneinfo/Etc/GMT-5
site-packages/tzdata/zoneinfo/Etc/GMT-6
site-packages/tzdata/zoneinfo/Etc/GMT-7
site-packages/tzdata/zoneinfo/Etc/GMT-8
site-packages/tzdata/zoneinfo/Etc/GMT-9
site-packages/tzdata/zoneinfo/Etc/GMT0
site-packages/tzdata/zoneinfo/Etc/Greenwich
site-packages/tzdata/zoneinfo/Etc/UCT
site-packages/tzdata/zoneinfo/Etc/UTC
site-packages/tzdata/zoneinfo/Etc/Universal
site-packages/tzdata/zoneinfo/Etc/Zulu
site-packages/tzdata/zoneinfo/Etc/__init__.py
site-packages/tzdata/zoneinfo/Europe/Amsterdam
site-packages/tzdata/zoneinfo/Europe/Andorra
site-packages/tzdata/zoneinfo/Europe/Astrakhan
site-packages/tzdata/zoneinfo/Europe/Athens
site-packages/tzdata/zoneinfo/Europe/Belfast
site-packages/tzdata/zoneinfo/Europe/Belgrade
site-packages/tzdata/zoneinfo/Europe/Berlin
site-packages/tzdata/zoneinfo/Europe/Bratislava
site-packages/tzdata/zoneinfo/Europe/Brussels
site-packages/tzdata/zoneinfo/Europe/Bucharest
site-packages/tzdata/zoneinfo/Europe/Budapest
site-packages/tzdata/zoneinfo/Europe/Busingen
site-packages/tzdata/zoneinfo/Europe/Chisinau
site-packages/tzdata/zoneinfo/Europe/Copenhagen
site-packages/tzdata/zoneinfo/Europe/Dublin
site-packages/tzdata/zoneinfo/Europe/Gibraltar
site-packages/tzdata/zoneinfo/Europe/Guernsey
site-packages/tzdata/zoneinfo/Europe/Helsinki
site-packages/tzdata/zoneinfo/Europe/Isle_of_Man
site-packages/tzdata/zoneinfo/Europe/Istanbul
site-packages/tzdata/zoneinfo/Europe/Jersey
site-packages/tzdata/zoneinfo/Europe/Kaliningrad
site-packages/tzdata/zoneinfo/Europe/Kiev
site-packages/tzdata/zoneinfo/Europe/Kirov
site-packages/tzdata/zoneinfo/Europe/Kyiv
site-packages/tzdata/zoneinfo/Europe/Lisbon
site-packages/tzdata/zoneinfo/Europe/Ljubljana
site-packages/tzdata/zoneinfo/Europe/London
site-packages/tzdata/zoneinfo/Europe/Luxembourg
site-packages/tzdata/zoneinfo/Europe/Madrid
site-packages/tzdata/zoneinfo/Europe/Malta
site-packages/tzdata/zoneinfo/Europe/Mariehamn
site-packages/tzdata/zoneinfo/Europe/Minsk
site-packages/tzdata/zoneinfo/Europe/Monaco
site-packages/tzdata/zoneinfo/Europe/Moscow
site-packages/tzdata/zoneinfo/Europe/Nicosia
site-packages/tzdata/zoneinfo/Europe/Oslo
site-packages/tzdata/zoneinfo/Europe/Paris
site-packages/tzdata/zoneinfo/Europe/Podgorica
site-packages/tzdata/zoneinfo/Europe/Prague
site-packages/tzdata/zoneinfo/Europe/Riga
site-packages/tzdata/zoneinfo/Europe/Rome
site-packages/tzdata/zoneinfo/Europe/Samara
site-packages/tzdata/zoneinfo/Europe/San_Marino
site-packages/tzdata/zoneinfo/Europe/Sarajevo
site-packages/tzdata/zoneinfo/Europe/Saratov
site-packages/tzdata/zoneinfo/Europe/Simferopol
site-packages/tzdata/zoneinfo/Europe/Skopje
site-packages/tzdata/zoneinfo/Europe/Sofia
site-packages/tzdata/zoneinfo/Europe/Stockholm
site-packages/tzdata/zoneinfo/Europe/Tallinn
site-packages/tzdata/zoneinfo/Europe/Tirane
site-packages/tzdata/zoneinfo/Europe/Tiraspol
site-packages/tzdata/zoneinfo/Europe/Ulyanovsk
site-packages/tzdata/zoneinfo/Europe/Uzhgorod
site-packages/tzdata/zoneinfo/Europe/Vaduz
site-packages/tzdata/zoneinfo/Europe/Vatican
site-packages/tzdata/zoneinfo/Europe/Vienna
site-packages/tzdata/zoneinfo/Europe/Vilnius
site-packages/tzdata/zoneinfo/Europe/Volgograd
site-packages/tzdata/zoneinfo/Europe/Warsaw
site-packages/tzdata/zoneinfo/Europe/Zagreb
site-packages/tzdata/zoneinfo/Europe/Zaporozhye
site-packages/tzdata/zoneinfo/Europe/Zurich
site-packages/tzdata/zoneinfo/Europe/__init__.py
site-packages/tzdata/zoneinfo/Factory
site-packages/tzdata/zoneinfo/GB
site-packages/tzdata/zoneinfo/GB-Eire
site-packages/tzdata/zoneinfo/GMT
site-packages/tzdata/zoneinfo/GMT+0
site-packages/tzdata/zoneinfo/GMT-0
site-packages/tzdata/zoneinfo/GMT0
site-packages/tzdata/zoneinfo/Greenwich
site-packages/tzdata/zoneinfo/HST
site-packages/tzdata/zoneinfo/Hongkong
site-packages/tzdata/zoneinfo/Iceland
site-packages/tzdata/zoneinfo/Indian/Antananarivo
site-packages/tzdata/zoneinfo/Indian/Chagos
site-packages/tzdata/zoneinfo/Indian/Christmas
site-packages/tzdata/zoneinfo/Indian/Cocos
site-packages/tzdata/zoneinfo/Indian/Comoro
site-packages/tzdata/zoneinfo/Indian/Kerguelen
site-packages/tzdata/zoneinfo/Indian/Mahe
site-packages/tzdata/zoneinfo/Indian/Maldives
site-packages/tzdata/zoneinfo/Indian/Mauritius
site-packages/tzdata/zoneinfo/Indian/Mayotte
site-packages/tzdata/zoneinfo/Indian/Reunion
site-packages/tzdata/zoneinfo/Indian/__init__.py
site-packages/tzdata/zoneinfo/Iran
site-packages/tzdata/zoneinfo/Israel
site-packages/tzdata/zoneinfo/Jamaica
site-packages/tzdata/zoneinfo/Japan
site-packages/tzdata/zoneinfo/Kwajalein
site-packages/tzdata/zoneinfo/Libya
site-packages/tzdata/zoneinfo/MET
site-packages/tzdata/zoneinfo/MST
site-packages/tzdata/zoneinfo/MST7MDT
site-packages/tzdata/zoneinfo/Mexico/BajaNorte
site-packages/tzdata/zoneinfo/Mexico/BajaSur
site-packages/tzdata/zoneinfo/Mexico/General
site-packages/tzdata/zoneinfo/Mexico/__init__.py
site-packages/tzdata/zoneinfo/NZ
site-packages/tzdata/zoneinfo/NZ-CHAT
site-packages/tzdata/zoneinfo/Navajo
site-packages/tzdata/zoneinfo/PRC
site-packages/tzdata/zoneinfo/PST8PDT
site-packages/tzdata/zoneinfo/Pacific/Apia
site-packages/tzdata/zoneinfo/Pacific/Auckland
site-packages/tzdata/zoneinfo/Pacific/Bougainville
site-packages/tzdata/zoneinfo/Pacific/Chatham
site-packages/tzdata/zoneinfo/Pacific/Chuuk
site-packages/tzdata/zoneinfo/Pacific/Easter
site-packages/tzdata/zoneinfo/Pacific/Efate
site-packages/tzdata/zoneinfo/Pacific/Enderbury
site-packages/tzdata/zoneinfo/Pacific/Fakaofo
site-packages/tzdata/zoneinfo/Pacific/Fiji
site-packages/tzdata/zoneinfo/Pacific/Funafuti
site-packages/tzdata/zoneinfo/Pacific/Galapagos
site-packages/tzdata/zoneinfo/Pacific/Gambier
site-packages/tzdata/zoneinfo/Pacific/Guadalcanal
site-packages/tzdata/zoneinfo/Pacific/Guam
site-packages/tzdata/zoneinfo/Pacific/Honolulu
site-packages/tzdata/zoneinfo/Pacific/Johnston
site-packages/tzdata/zoneinfo/Pacific/Kanton
site-packages/tzdata/zoneinfo/Pacific/Kiritimati
site-packages/tzdata/zoneinfo/Pacific/Kosrae
site-packages/tzdata/zoneinfo/Pacific/Kwajalein
site-packages/tzdata/zoneinfo/Pacific/Majuro
site-packages/tzdata/zoneinfo/Pacific/Marquesas
site-packages/tzdata/zoneinfo/Pacific/Midway
site-packages/tzdata/zoneinfo/Pacific/Nauru
site-packages/tzdata/zoneinfo/Pacific/Niue
site-packages/tzdata/zoneinfo/Pacific/Norfolk
site-packages/tzdata/zoneinfo/Pacific/Noumea
site-packages/tzdata/zoneinfo/Pacific/Pago_Pago
site-packages/tzdata/zoneinfo/Pacific/Palau
site-packages/tzdata/zoneinfo/Pacific/Pitcairn
site-packages/tzdata/zoneinfo/Pacific/Pohnpei
site-packages/tzdata/zoneinfo/Pacific/Ponape
site-packages/tzdata/zoneinfo/Pacific/Port_Moresby
site-packages/tzdata/zoneinfo/Pacific/Rarotonga
site-packages/tzdata/zoneinfo/Pacific/Saipan
site-packages/tzdata/zoneinfo/Pacific/Samoa
site-packages/tzdata/zoneinfo/Pacific/Tahiti
site-packages/tzdata/zoneinfo/Pacific/Tarawa
site-packages/tzdata/zoneinfo/Pacific/Tongatapu
site-packages/tzdata/zoneinfo/Pacific/Truk
site-packages/tzdata/zoneinfo/Pacific/Wake
site-packages/tzdata/zoneinfo/Pacific/Wallis
site-packages/tzdata/zoneinfo/Pacific/Yap
site-packages/tzdata/zoneinfo/Pacific/__init__.py
site-packages/tzdata/zoneinfo/Poland
site-packages/tzdata/zoneinfo/Portugal
site-packages/tzdata/zoneinfo/ROC
site-packages/tzdata/zoneinfo/ROK
site-packages/tzdata/zoneinfo/Singapore
site-packages/tzdata/zoneinfo/Turkey
site-packages/tzdata/zoneinfo/UCT
site-packages/tzdata/zoneinfo/US/Alaska
site-packages/tzdata/zoneinfo/US/Aleutian
site-packages/tzdata/zoneinfo/US/Arizona
site-packages/tzdata/zoneinfo/US/Central
site-packages/tzdata/zoneinfo/US/East-Indiana
site-packages/tzdata/zoneinfo/US/Eastern
site-packages/tzdata/zoneinfo/US/Hawaii
site-packages/tzdata/zoneinfo/US/Indiana-Starke
site-packages/tzdata/zoneinfo/US/Michigan
site-packages/tzdata/zoneinfo/US/Mountain
site-packages/tzdata/zoneinfo/US/Pacific
site-packages/tzdata/zoneinfo/US/Samoa
site-packages/tzdata/zoneinfo/US/__init__.py
site-packages/tzdata/zoneinfo/UTC
site-packages/tzdata/zoneinfo/Universal
site-packages/tzdata/zoneinfo/W-SU
site-packages/tzdata/zoneinfo/WET
site-packages/tzdata/zoneinfo/Zulu
site-packages/tzdata/zoneinfo/__init__.py
site-packages/tzdata/zoneinfo/iso3166.tab
site-packages/tzdata/zoneinfo/leapseconds
site-packages/tzdata/zoneinfo/tzdata.zi
site-packages/tzdata/zoneinfo/zone.tab
site-packages/tzdata/zoneinfo/zone1970.tab
site-packages/tzdata/zoneinfo/zonenow.tab
site-packages/tzdata/zones
